Use Ekeh_Amazing_lab3;
INSERT INTO CUSTOMER (
	CID,
    FName,
    Minit,
    LName,
    Address,
    Phone
)
VALUES
	('1007468', 'Amanda', 'N', 'Joshua', '12 Allston Street, Boston, MA', '3746759876'),
    ('10074669', 'Michael', 'B', 'King',  '34 Charles Rivers Street, Boston, MA', '8746559876'),
    ('10074670', 'Mirabel','K', 'Hosea', '947 Global Avenue, Boston, MA', '9264759876');
    
INSERT INTO SHOE_ORDER (
	OrderNo,
    OrderDate, 
    Amount, 
    SCID, 
    EmpID
)
VALUES
	('2134567', '03-16-2023', 30000.00, '1007468', '3456789'),
    ('2134568', '03-17-2023', 30250.00, '1007468', '3456790'),
    ('2134571', '03-15-2023', 43000.00, '1007469', '3456791'),
    ('2134569', '03-13-2023', 46500.00, '1007469', '3456792'),
    ('2134570', '03-14-2023', 64386.00, '1007470', '3456793');
    
INSERT INTO BRANCH (
	BCID,
    BrNo,
    Address,
    Phone
)
VALUES
	('1007468', '7778889, 7778893', '1010 Commonwealth Avenue, Boston, MA', '3335559874'),
    ('1007468', '7778890, 7778892', '181 Fenway, Boston, MA', '4445559874'),
    ('10074669', '7774589, 7774590', '4010 Downtown, Boston, MA', '5555559874'),
    ('10074669', '7878889, 7878891', '178 Charles Rivers, Boston, MA', '6665559874'),
    ('10074670', '9478889, 9478890', '900 Chester Street, Boston, MA', '7775559874'),
    ('10074670', '7778804, 7778805', '19 St. Mary Street, Boston, MA', '8885559874');
        
INSERT INTO SUBORDER (
	SOrderNo,
    SuborderNo,
    ReqShipDate,
    ActualShipDate, 
    SSCID,
    SBrNo
)
VALUES
	('2134567', '5556669, 5556669', '03-18-2023', '03-20-2023', '1007468', '7778889, 7778893'),
    ('2134568', '5556669, 5556669', '03-18-2023', '03-20-2023', '1007468', '7778890, 7778892'),
    ('2134571', '5556669, 5556669', '03-18-2023', '03-20-2023', '1007469', '7774589, 7774590'),
    ('2134569', '5556669, 5556669', '03-18-2023', '03-20-2023', '1007469', '7878889, 7878891'),
    ('2134570', '5556669, 5556669', '03-18-2023', '03-20-2023', '1007470', '9478889, 9478890'),
    ('2134567', '5556669, 5556669', '03-18-2023', '03-20-2023', '1007468', '7778889, 7778893'),
    ('2134568', '5556669, 5556669', '03-18-2023', '03-20-2023', '1007468', '7778890, 7778892'),
    ('2134571', '5556669, 5556669', '03-18-2023', '03-20-2023', '1007469', '7774589, 7774590'),
    ('2134571', '5556669, 5556669', '03-18-2023', '03-20-2023', '1007469', '7878889, 7878891'),
    ('2134569', '5556669, 5556669', '03-18-2023', '03-20-2023', '1007470', '9478889, 9478890'),
    ('2134570', '5556669, 5556669', '03-18-2023', '03-20-2023', '1007468', '7778889, 7778893'),
    ('2134567', '5556669, 5556669', '03-18-2023', '03-20-2023', '1007468', '7778890, 7778892'),
    ('2134568', '5556669, 5556669', '03-18-2023', '03-20-2023', '1007469', '7774589, 7774590'),
    ('2134571', '5556669, 5556669', '03-18-2023', '03-20-2023', '1007469', '7878889, 7878891'),
    ('2134569', '5556669, 5556669', '03-18-2023', '03-20-2023', '1007470', '9478889, 9478890');
    
INSERT INTO EMPLOYEE (
	EmpID,
    EmpFName,
    Empminit, 
    EmpLName,
    Address,
    Class,
    Salary
)
VALUES 
	('3456789', 'Joshua', 'M', 'Gin', '12 Mnago Street, Boston, MA', 'Leo', 45000.00),
    ('3456790',  'Joshua', 'M', 'Gin', '12 Mnago Street, Boston, MA', 'Leo', 45000.00),
	('3456791',  'Joshua', 'M', 'Gin', '12 Mnago Street, Boston, MA', 'Leo', 45000.00),
    ('3456792',  'Joshua', 'M', 'Gin', '12 Mnago Street, Boston, MA', 'Leo', 45000.00),
    ('3456793',  'Joshua', 'M', 'Gin', '12 Mnago Street, Boston, MA', 'Leo', 45000.00);
    
INSERT INTO SHOE_TYPE (
	TypeID,
    TypeName,
    Size,
    Price
)
VALUES
	(4449997, 'Sneakers', '7', 200.00),
    (4449456, 'Boot', '9', 45.00),
    (4449234, 'Loafer', '8', 65.00),
    (4449897, 'Brogues', '9', 78.00),
    (4449964, 'Sandals', '8', 35.00),
    (4449125, 'Flip-flops', '7', 19.00);
    
INSERT INTO ORDER_ITEM (
	OrderNo, 
    SuborderNo ,
    TypeID ,
    Quantity
)
VALUES
	('2134567', '5556669, 5556669', '4449997', '1'),
    ('2134568', '5556669, 5556669', '4449456', '3'),
    ('2134571', '5556669, 5556669', '4449234', '2'),
    ('2134569', '5556669, 5556669', '4449897', '1'),
    ('2134570', '5556669, 5556669', '4449964', '1'),
    ('2134567', '5556669, 5556669', '4449125', '1'),
    ('2134568', '5556669, 5556669', '4449997', '2'),
    ('2134571', '5556669, 5556669', '4449456', '4'),
    ('2134571', '5556669, 5556669', '4449234', '1'),
    ('2134569', '5556669, 5556669', '4449897', '1'),
    ('2134570', '5556669, 5556669', '4449964', '1'),
    ('2134567', '5556669, 5556669', '4449125', '2'),
    ('2134568', '5556669, 5556669', '4449997', '3'),
    ('2134571', '5556669, 5556669', '4449456', '1'),
    ('2134569', '5556669, 5556669', '4449234', '1'),
    ('2134567', '5556669, 5556669', '4449897', '1'),
    ('2134568', '5556669, 5556669', '4449964', '1'),
    ('2134571', '5556669, 5556669', '4449125', '3'),
    ('2134569', '5556669, 5556669', '4449997', '1'),
    ('2134570', '5556669, 5556669', '4449456', '1'),
    ('2134567', '5556669, 5556669', '4449234', '2'),
    ('2134568', '5556669, 5556669', '4449897', '1'),
    ('2134571', '5556669, 5556669', '4449964', '1'),
    ('2134571', '5556669, 5556669', '4449125', '1'),
    ('2134569', '5556669, 5556669', '4449997', '2');
