Use Ekeh_Amazing_lab3;
INSERT INTO CUSTOMER (
	CID,
    FName,
    Minit,
    LName,
    C_Address,
    C_Phone
)
VALUES
	('1007466', 'Amanda', 'N', 'Joshua', '12 Allston Street, Boston, MA', '3746759876'),
    ('1007467', 'Amanda', 'N', 'Joshua', '12 Allston Street, Boston, MA', '3746759876'),
	('1007468', 'Amanda', 'N', 'Joshua', '12 Allston Street, Boston, MA', '3746759876'),
    ('1007469', 'Michael', 'B', 'King',  '34 Charles Rivers Street, Boston, MA', '8746559876'),
    ('1007470', 'Mirabel','K', 'Hosea', '947 Global Avenue, Boston, MA', '9264759876');

INSERT INTO EMPLOYEE (
	EmpID,
    EmpFName,
    Empminit, 
    EmpLName,
    E_Address,
    Class,
    Salary
)
VALUES 
	('3456789', 'Joshua', 'M', 'Gin', '12 Mnago Street, Boston, MA', 'Leo', 45000.00),
    ('3456790',  'Joshua', 'M', 'Gin', '12 Mnago Street, Boston, MA', 'Leo', 45000.00),
	('3456791',  'Joshua', 'M', 'Gin', '12 Mnago Street, Boston, MA', 'Leo', 45000.00),
    ('3456792',  'Joshua', 'M', 'Gin', '12 Mnago Street, Boston, MA', 'Leo', 45000.00),
    ('3456793',  'Joshua', 'M', 'Gin', '12 Mnago Street, Boston, MA', 'Leo', 45000.00);
    
INSERT INTO SHOE_ORDER (
	OrderNo,
    OrderDate, 
    Amount, 
    SCID, 
    SEmpID
)
VALUES
	('2134567', '2023-03-16', 30000.00, '1007468', '3456789'),
    ('2134560', '2023-03-16', 30000.00, '1007468', '3456789'),
    ('2134568', '2023-03-17', 30250.00, '1007468', '3456790'),
    ('2134571', '2023-03-15', 43000.00, '1007469', '3456791'),
    ('2134569', '2023-03-13', 46500.00, '1007469', '3456792'),
    ('2134570', '2023-03-14', 64386.00, '1007470', '3456793');

INSERT INTO BRANCH (
	BCID,
    BrNo,
    B_Address,
    B_Phone
)
VALUES
	('1007468', '7778889', '1010 Commonwealth Avenue, Boston, MA', '3335559874'),
    ('1007467', '7778890', '181 Fenway, Boston, MA', '4445559874'),
    ('1007466', '7774589', '4010 Downtown, Boston, MA', '5555559874'),
    ('1007470', '7878891', '178 Charles Rivers, Boston, MA', '6665559874'),
    ('1007468', '9478889', '900 Chester Street, Boston, MA', '7775559874'),
    ('1007467', '7778804', '19 St. Mary Street, Boston, MA', '8885559874');
    
INSERT INTO SUBORDER (
	SOrderNo,
    SuborderNo,
    ReqShipDate,
    ActualShipDate, 
    SSCID,
    SBrNo
)
VALUES
	('2134567', '1556669', '2023-03-18', '2023-03-20', '1007468', '7778889'),
    ('2134567', '2556669', '2023-03-18', '2023-03-20', '1007468', '7778890'),
    ('2134571', '3556669', '2023-03-18', '2023-03-20', '1007469', '7774589'),
    ('2134569', '4556669', '2023-03-18', '2023-03-20', '1007469', '7778889'),
    ('2134570', '5556669', '2023-03-18', '2023-03-20', '1007470', '7778889'),
    ('2134567', '6556669', '2023-03-18', '2023-03-20', '1007468', '7778889'),
    ('2134568', '7556669', '2023-03-18', '2023-03-20', '1007468', '7778890'),
    ('2134571', '8556669', '2023-03-18', '2023-03-20', '1007469', '7774589'),
    ('2134571', '9556669', '2023-03-18', '2023-03-20', '1007469', '7778889'),
    ('2134569', '0556669', '2023-03-18', '2023-03-20', '1007470', '7778804'),
    ('2134570', '5156669', '2023-03-18', '2023-03-20', '1007468', '7778804'),
    ('2134567', '5256669', '2023-03-18', '2023-03-20', '1007468', '7778890'),
    ('2134568', '5356669', '2023-03-18', '2023-03-20', '1007469', '7774589'),
    ('2134571', '5456669', '2023-03-18', '2023-03-20', '1007469', '7778804'),
    ('2134569', '5556668', '2023-03-18', '2023-03-20', '1007470', '7778889');

INSERT INTO SHOE_TYPE (
	TypeID,
    TypeName,
    Size,
    Price
) 
VALUES
	(4449997, 'Sneakers', '7', 200.00),
    (4449456, 'Boot', '9', 45.00),
    (4449234, 'Loafer', '8', 65.00),
    (4449897, 'Brogues', '9', 78.00),
    (4449964, 'Sandals', '8', 35.00),
    (4449125, 'Flip-flops', '7', 19.00);
    
INSERT INTO ORDER_ITEM (
	OrderNo, 
    SuborderNo ,
    TypeID ,
    Quantity
) 
VALUES
	('2134567', '1556669', '4449997', '1'),
    ('2134568', '2556669', '4449456', '3'),
    ('2134571', '3556669', '4449234', '2'),
    ('2134569', '4556669', '4449897', '1'),
    ('2134570', '5556669', '4449964', '1'),
    ('2134567', '6556669', '4449125', '1'),
    ('2134568', '7556669', '4449997', '2'),
    ('2134571', '8556669', '4449456', '4'),
    ('2134571', '9556669', '4449234', '1'),
    ('2134569', '0556669', '4449897', '1'),
    ('2134570', '5156669', '4449964', '1'),
    ('2134567', '5256669', '4449125', '2'),
    ('2134568', '5356669', '4449997', '3'),
    ('2134571', '5456669', '4449456', '1'),
    ('2134569', '5556668', '4449234', '1'),
    ('2134567', '1556669', '4449897', '1'),
    ('2134568', '2556669', '4449964', '1'),
    ('2134571', '3556669', '4449125', '3'),
    ('2134569', '4556669', '4449997', '1'),
    ('2134570', '5556669', '4449456', '1'),
    ('2134567', '6556669', '4449234', '2'),
    ('2134568', '7556669', '4449897', '1'),
    ('2134571', '8556669', '4449964', '1'),
    ('2134571', '9556669', '4449125', '1'),
    ('2134569', '0556669', '4449997', '2');




